{
  "video_qa": {
    "task": "video_qa",
    "accuracy": 0.4935897435897436,
    "correct": 38.5,
    "total": 78
  },
  "video_mc": {
    "task": "video_mc",
    "accuracy": 0.7625,
    "correct": 61,
    "total": 80
  },
  "video_cap": {
    "task": "video_caption",
    "avg_bleu4": 0.0782951342195455,
    "avg_rouge_l": 0.2570152877982137,
    "avg_cider": 2.614271048109996,
    "avg_word_overlap": 0.32812325817566246,
    "num_samples": 40
  },
  "image_qa": {
    "task": "image_qa",
    "accuracy": 0.4308176100628931,
    "correct": 137.0,
    "total": 318
  }
}