{
  "video_qa": {
    "task": "video_qa",
    "accuracy": 0.4935897435897436,
    "correct": 38.5,
    "total": 78
  },
  "video_mc": {
    "task": "video_mc",
    "accuracy": 0.775,
    "correct": 62,
    "total": 80
  },
  "video_cap": {
    "task": "video_caption",
    "avg_bleu4": 0.08306675133489552,
    "avg_rouge_l": 0.25717909630706975,
    "avg_cider": 2.6237701782751275,
    "avg_word_overlap": 0.3143804093856632,
    "num_samples": 40
  },
  "image_qa": {
    "task": "image_qa",
    "accuracy": 0.42452830188679247,
    "correct": 135.0,
    "total": 318
  }
}