{
  "video_qa": {
    "task": "video_qa",
    "accuracy": 0.4935897435897436,
    "correct": 38.5,
    "total": 78
  },
  "video_mc": {
    "task": "video_mc",
    "accuracy": 0.7625,
    "correct": 61,
    "total": 80
  },
  "video_cap": {
    "task": "video_caption",
    "avg_bleu4": 0.07994025236857358,
    "avg_rouge_l": 0.25496828195036714,
    "avg_cider": 2.5660747790789484,
    "avg_word_overlap": 0.30664947953519006,
    "num_samples": 40
  },
  "image_qa": {
    "task": "image_qa",
    "accuracy": 0.42138364779874216,
    "correct": 134.0,
    "total": 318
  }
}